PC1,PC2,PC3,PC4,PC5,PC6,PC7,PC8,PC9,PC10,PC11,PC12
1.9459947801049737,-2.187508214869894,-0.3372718291103388,-0.4771220334346319,0.4187017243044829,0.1703183764867281,-0.23474051561023246,0.2864259091162218,-0.19262526963693702,1.0346909053424989,0.6057777302132434,-0.8950566522445328
0.6515340327219092,0.5887780297149292,1.027107301341641,-1.10280078937208,-0.4455441676422484,-1.127956402330422,1.5873717648819607,0.9173618526786579,-1.3449229748963123,0.10145611856458701,0.391938412651747,-0.25317707880111545
0.7629921407154142,0.5644553047009678,1.2438980570097722,-0.6527128331800158,0.6050866314104566,-1.884031963984202,0.5809941926638102,1.4869887052873185,-1.8918684892644828,0.46934376662552624,-1.1302471353326502,-0.15934657022659227
-1.0968412039077085,0.596662761325405,0.0729048564428039,0.6988698064361915,0.5843133497887627,1.4946419015347323,2.904974082662331,-0.08714379926938429,-0.9461148549919606,-0.12262186950813793,-0.32605087248826753,1.0625247270066787
-0.9269587998859319,-1.0636755403439107,-1.3202730714885773,-0.09371566731471054,1.1778133396271346,-0.15592266046586808,-0.2291618950669532,-1.0359228124231787,-2.698912482870481,-1.1673077872964706,1.2731394112584216,-0.20566594401313013
1.3791813613965094,0.3900116177099782,0.7797908434533394,-0.5794349073285212,0.3714041846594188,0.20489030643082054,-0.9933064590187896,-1.0016692533898435,1.325682317030376,-0.4187293208948092,-1.1510640843280757,0.35255071688690276
-1.4189220472984554,0.19881018064740108,0.21558738664578278,1.187175626170786,1.270769990457802,0.6521726234108093,0.2818195056723489,-1.4453336493027906,0.46108061181644533,0.06443407158973229,-1.3408042794422097,-1.519345063043255
1.5662755727977564,1.5548596944343687,0.3981750328082704,-0.213628826290775,2.3181945091686758,0.23043847716319046,0.26416277832135493,-1.1659233878461008,-0.7159396046155484,-1.2435311633341073,-0.1682743457550294,-0.8294149383276831
-0.8691230631496318,-0.09310754200295508,-2.1629373301249304,0.12811650631000412,-0.47671938690742066,0.6069618379968359,-0.7300563879348768,-1.6466193143264745,0.8424610698063457,-0.37664959652640506,-0.06976098904572002,0.10309363450433247
-0.7262732391842991,1.648961273267308,0.4345298779447659,0.22910743650553533,0.36158335639093453,-0.7138680103847984,-1.30547540702042,1.5123357324400934,1.695481059732836,-0.22902100500752734,1.1127547550834591,-1.1371399339216302
0.7530702034134394,1.5227943361618257,-1.9002129885684615,-0.2472091512399695,-1.1542682290119177,-0.9884993142804489,-0.6168889022623709,-0.08490152714812296,0.6160591615640412,-1.1778449346070374,1.8637263077532402,0.10926807725320521
0.19194720521302222,-0.33728864426670385,2.393487860955049,0.34680944779340456,0.09319436403480721,-0.6809951835944438,0.39580469150769754,-0.6724912030806414,0.23005264810402715,0.26428444243387816,1.059174707247338,1.607120466887958
-0.3966904039513127,2.141508454124138,0.5826746163618917,1.8899528320145231,1.4981623569706333,1.5365803069144854,1.2923313491229182,-1.0854284156105625,0.9306347948361828,-0.5344351067628068,-0.13651426540166614,0.27988590595236335
1.558150123477941,0.6783143864581211,-0.21255055744819523,-0.18506137220539898,-2.7080004679903555,-0.8905070962493561,1.6012460795454817,-0.1498208173929582,-0.4107806528211168,-1.2481801307511997,-0.0664419516424225,0.5722621536545864
0.579921891783248,-1.2678803923974218,0.49783484320212557,-1.7080109848041707,1.769151742265266,0.712495788610245,0.6316517001861421,0.5999839726322266,-0.910957997907082,-0.5276988489997073,1.0337052491450713,-0.024881568021271498
0.6507910265361452,0.452577248367983,-2.070527131104896,1.3170692739172765,-0.7083916126990029,-0.8176571042225425,-1.1394592564665347,0.05936649999035234,-0.8129631792052773,0.8667459689574372,0.4653852068575685,1.757963054847315
-1.711050045876489,-0.07544009532390203,0.17294382498869373,-1.1496692497587067,-1.7371475123760667,-1.7607729789523021,0.4214077424859488,-0.6053557090085496,0.29401171587408625,0.83045215536104,-0.779159582712408,0.9449819435954743
-0.5724691632438046,0.6913811969468875,-1.58128922306671,-1.7033135109209614,-1.314522048444911,0.7653158510181853,-1.2120953384439288,0.878264041631141,-0.3130601006189645,0.2262585576406646,2.311077326713255,-0.07030921844707357
-0.026855166390886767,-1.0775840043529998,-0.09387078909333113,-0.7112527112074322,1.3169596848001324,-0.16105294754818414,1.1048954007815819,-0.698550619425486,-0.21168304487588077,0.03923554358350283,1.457138611927065,1.773756774488
1.4073786586248156,-0.4165360035281664,-1.7165921585501431,0.3045863453739981,-0.31339448658790847,1.6725797948953736,0.4150261607722659,-0.2848976953391404,2.005720020834692,-0.8518948447091317,-0.6932628777536557,0.8917541771176929
0.548634875116327,-1.593981163248288,-0.2003134770716263,0.6350499922376115,-0.3274263624881317,-0.13705851660701326,-0.20559381556957584,0.3429354549061619,-1.0021407584401891,-1.970042271040997,1.7174090710154333,-0.9966451334971557
1.750333690652547,1.6557943381566287,-0.009254178566526718,-0.048156940733872784,0.09646519279425311,-0.1403949015261048,2.1484888484369455,0.6008059356321854,-0.5180770165922152,0.7326859339580903,0.8121278778164188,0.0743871614005701
0.9437291310134593,0.06847556740371646,-0.10493974153722002,-0.08353556024483696,-0.006819454745220191,1.865223011041345,-2.7514692098391023,0.11281319297249573,0.6946568222057936,-1.0149517392396565,0.4752362024118195,0.4256904083804847
0.26634163465358485,1.0603022935676816,-0.5545110011945863,0.11162113736087886,-0.8746057957018668,-1.1849539113299572,-0.1655251556668568,0.054997049952734654,-0.37484190329753414,1.5299934203599395,1.060796248457878,-0.7363318699984411
0.2828384446858956,-0.8634469677446481,-0.29249473844155877,-0.35164005879648413,1.863920198490986,0.1014754310890918,0.5593143132221934,-0.6187811484480235,1.3723384082481584,1.7621277395151076,-0.01794641154365632,1.0849683927112197
-0.7262594093463103,0.04596607603171625,-0.8687067668715508,-0.9197036570999515,0.8926379138031745,-0.2519410850739552,-0.20918012780859238,-0.6822268540695879,1.04651777689305,1.2322743120047648,1.8244479910260536,1.4124676986709515
-0.9195250692457485,-0.05181206354526111,1.974559071729063,-1.2051186508545955,0.1505971509871072,0.2811658521741209,0.5550257155839118,-0.7616882638169118,-0.5343892254779965,0.5480560488649014,0.5742496540828433,0.47852216337456555
-0.04091401091934804,0.9710674869701797,-0.6802261429836332,0.4048567487776962,-1.2832980765929412,-1.1143258973642263,2.6673607830784465,-1.3673295899503786,-0.4158696946928754,-0.69920151991866,-0.3544753867765514,0.8455238824604112
-1.2492652237194004,-0.09898594047463061,-0.4960561034911452,0.23706716089945912,-0.9838838541303214,-2.0809505596100877,0.2557492677420891,-0.30538284113851266,0.18958496669734107,-0.46345635656294915,0.8490883436924233,-0.2838193814695329
-0.5788836381916956,-0.5170770063244446,-1.1404790411028283,2.5257415062111876,-0.3615606123930059,1.7417717961314594,0.6951474497166236,1.1481007564599728,-0.17995019058148987,1.3878967371800786,-0.7021885986776896,-0.7513332204858364
0.26392050581415305,-0.32812617852112264,-0.2932165156129304,1.311962357865243,0.27487223131252814,-0.4867710035883683,-0.5120658129411851,0.7129749655630487,0.9648162190807151,-2.314765584438425,-1.448740598030345,0.06855712559336212
-0.7163718381277747,-0.4389001985568725,-1.6399631410508528,0.7528368139177115,-0.7372871799247173,0.08738110001559474,1.2175466488686884,0.3659641207997354,1.2160662583510078,1.7480463539418407,0.984003247146863,0.9511509095792479
1.0215143591478073,-1.7905806097673262,0.6654881206797479,0.3699509924354866,1.0394641445968735,0.4503800825818387,-1.2473691742466224,-1.0416694115355223,0.4445464303137878,1.2441863803495032,0.4151631494520652,-0.12334313119414923
-0.6315628297934626,0.44525696943060084,-0.6239013971162004,0.27581496590582355,-0.7276861935184239,1.4999083221602378,-0.5135376292810575,2.1906945548240673,0.5532038002929865,-1.0632773353601948,-1.6890796706325224,1.3212944829744189
-1.6407525251364672,0.1381088801083637,2.5252819023041364,1.3895325134881045,-0.4531412899457927,0.9894504526141482,-0.7586478870776396,0.5132128611283607,-0.9389656049625814,-0.17463719834595445,1.1413947732734546,-0.01834935843124881
1.797013576864379,-1.390393400213262,-1.0670464950378675,1.829174954261717,0.3424584315500271,-0.5870073033143526,0.5351029894881585,-0.9664000778106525,-0.47129412806036275,0.8554300762344651,-0.10941244835595372,-0.5295008789643637
-0.753450435036458,-1.6313977204762642,1.350957349298354,-0.5426319024439575,-1.7980711179851374,0.6371911314939691,0.06831153843505544,-0.10753218794211938,1.5591048112902712,-0.9984031487622328,-0.08023412349387053,-0.13731065015151786
-0.41370528296298703,0.6545848395630571,-1.052721252602407,0.16332757863647338,-0.4533493203197233,0.799513293175071,-1.4935517217147023,-2.233123043572062,-2.2047212671526646,-0.5281652563250022,0.2594110909587536,-0.5821193143344813
-1.2855298766966623,-0.2944302105880769,-0.2222636175954599,0.9735807762787264,0.3281737956777658,-0.45552729403830616,-0.18161029909258466,0.4064541933137559,0.9238945477496691,1.5294372248697552,-0.4675351948972221,-1.5753617901930914
-0.45779338885683163,1.3230905124914318,0.7730139774432315,1.1061807295435382,-0.009116366900316605,-1.2840182168166645,-1.412399536464421,-1.0419903929391432,-0.2185474378416267,0.3213194956485354,0.2866886177613353,-0.4849050531224015
0.009564017723775168,1.5176591537608968,-0.6116032769542029,-2.5587898913429306,-0.031870711324729184,0.6077932018581386,0.9595060001680826,-0.4446601653109991,1.396734864645239,0.5264904391248276,-0.0871333006601596,1.3734670610263915
-1.5978362016329442,1.4084479513632417,-0.6738908319477314,-1.4469981011616142,0.5420720729101068,0.29206014212686304,-0.1308508869749219,-1.294847586981588,-0.5393036574221507,1.0816260574872711,-0.8263979741460366,-0.047954438521683136
-0.3012923256592007,0.6751497823761385,0.7378706065906748,0.7633376438085299,-0.01979538236814904,-0.9145384161102327,2.024099063796426,0.13625698172275494,-0.22461478478055194,0.6501263198839153,-1.7074411918962642,0.9571409356055495
-0.17430532632525111,1.374780687660586,1.6506592902309416,-1.2912228762742313,-0.8398963724514366,-1.3783489160160503,0.37841105836015193,1.641408151957704,0.7439842503181994,0.5275783655015022,-1.587846669343681,0.7833220762405951
-1.1387157428905903,0.27220979662549555,0.3538903013113816,-1.1666935097001725,0.6156082265177809,0.201006821138111,-1.0480143452441537,-0.4313019652271648,-1.6296791228716232,2.2383231138916053,-0.5595410256960208,-0.4383951883283176
-0.17126326281906462,0.2641169726545574,-0.7460211816401932,-1.2927617743031592,2.34428528312126,-0.11044646334276587,0.5935144855770114,0.7057108378591241,1.458682675313917,0.5498907225964169,0.04435534188333661,0.0071175726748274794
-0.6566772881993256,1.0032415921292543,-0.5072853560380829,-0.7284002369087655,-0.8919893043236903,1.1833614479397632,0.43677969364720304,0.28783859032206777,-2.6689921456809,-1.8184154676928883,0.23171575408922365,-0.7381163354438798
-0.22676122812284144,-0.4398711053035319,1.6558456782988402,-0.2507138739111869,-1.0146742182741952,1.4993319201113247,-1.2974897536095626,-0.8589098938814027,-1.165897800510858,-0.12726557896371546,-0.4258638005904157,1.2369666337018566
2.3347016748193146,0.10645566400165035,0.3455416812059289,-0.4326767992014288,-0.8687173340327979,2.578262521795749,-0.47921089826999397,-0.8848485849912339,-0.37720015646305477,-0.43459275869217734,0.2766461751378231,0.7769468787183933
-1.1997951225575822,-0.6115503037485903,-0.4378850502775082,-1.360025856898255,-1.211785278447441,-1.2480279392984277,-1.5184486261035643,1.1172638638625998,0.40622599835410805,-0.8118610353103629,0.9620438150069449,0.44244836681997546
-0.1249454843219769,1.5564038127937907,0.279581275894281,0.7734216239251099,0.9370682508691219,-2.1571405823284735,0.17851129519460932,-1.7123758146687738,0.20130762158067403,0.12067901351911729,0.27463769462497134,-0.5430808801553266
-1.4468357801637641,0.08654451311001882,-0.16350836085703357,-0.4269694643264395,0.4665770432225185,0.39911436297127134,0.0855123015338533,0.4224758955106364,1.5114482146523396,-2.3155029091327055,-0.08171690166653371,-0.6403577392952254
1.5024172332978525,0.7791999706216435,1.0409522114344794,-0.007610069514052987,0.9901017118229195,0.17384497172611202,1.7789107126980241,0.23015684226212002,-0.52068004967994,0.6031688113614747,0.4416497997269463,-1.6833274441267536
-2.145140176993708,-1.3904419350630963,0.6119350081288084,0.1373859761304927,2.222243719647145,-0.6522255741120432,-1.0611108730370946,0.32600451600784913,-0.15157947912011688,0.06369593025660168,-0.01602439426622222,0.28984732388135953
-0.05429230016748524,-0.46167204161237296,-2.503806767721186,1.224019243506011,-1.6238883287033474,0.1496000479490722,0.18701146095304477,-0.9185367850672336,0.5719423149998245,0.37087299705154025,-1.2534910868741937,-0.40170179215950386
-1.0172377291791557,0.3452567939597063,0.22354623491742245,-1.3301641012939507,-1.7105964569049115,-1.7565094061545767,-0.1496150909891252,-0.8058841530611252,-0.19643577297554063,0.6114894449215531,-0.3013072721576603,1.7710520234275826
0.5046834524615859,-0.708602617678551,0.8451416646864318,-0.31251039205917913,-1.6974858792945497,0.8642141301668362,0.8404597947136273,-0.12036318571477164,0.860047399568617,-1.0943249801032384,-1.2167468943822504,0.27697989673152684
-0.21041363901696553,-0.5281928303263719,-1.0988315674992393,0.2961839079876379,-1.6144312721142982,0.7980984086152981,-0.09776915572628456,0.04791615284724304,1.7413058094071667,1.725462144433962,-0.01323067393060052,1.3933603334705078
0.2804275672605006,0.25308728270992015,1.0744769706984356,-0.8002160333191488,1.4925698738625437,-0.7470472611975463,0.2400259287902673,0.4618657420665535,-1.1705486973972696,-0.694584839381111,-1.3804969250667356,0.07772476274846409
1.3983179156680314,-0.6339495056716037,-1.0422608085426677,-0.9073190771250186,-0.3372011244093787,-1.8064831278173206,-1.37609831829904,-0.051239231405228604,1.050092020083068,0.4169361223164271,-0.37169812485396014,0.009449057082052337
-0.3181825497337721,-0.7300158142721835,-0.020348636725362773,0.2917192611841737,-2.1183349514082415,0.19633541409223676,0.25239342419751504,2.5346447691489877,0.9709440581732331,0.12062312704497972,-0.20927523337539822,0.5831089433805238
0.7808800258224428,0.31320820437318614,0.1722265092630238,-0.7844677468841998,-0.03245421302652321,0.2324116154005721,0.3872655418846882,-0.12429443640199442,2.9179504349883243,-0.2951409705550185,1.511817874948019,-0.1746541484812033
-0.234589099430287,-1.2474742878109266,-0.2944809307732709,-1.2352223200998982,0.9181729270010633,-1.080174533655881,-0.8564678629193706,2.0373592866778254,-0.7271917841167466,0.5851536079735703,-1.067604895593779,1.0042179947991763
0.3004958903806841,1.3075776794764002,-1.4732530758792175,0.7144373300539438,1.120869805158418,1.0043293030966516,-0.7745626072284446,2.0740038566552403,-1.4681693011315982,0.04999559732812321,0.15030147620073314,0.09256809639109237
-0.03480321683100921,-0.24214696882597714,0.5510621018829085,-1.7116837788388026,0.582586213025901,-0.9976263943313408,-0.609581195685356,-0.3338841806002182,-1.486846189544361,-0.9657962914916399,-0.8978276637704942,-0.2262705175659075
2.063832505996894,-0.3121309688432034,0.09888751563363352,1.9878632589317373,-1.6740093617202803,-0.19080011382412032,-0.31843660440424293,-0.3653835988000266,0.3627427664258487,0.9853152430155181,0.654940394016945,-0.2507560188030719
-2.2868879736906966,0.2647858141806541,-1.009084072118111,0.8236738083344233,0.23970283069912876,-0.3986237180604172,-0.20443172712793395,0.5673919890215278,-0.8012795371899104,-0.8331967540628706,1.6071586387902796,1.012356638438967
1.02501891578076,1.8869905637594997,-0.18313346288779772,-0.31759194548061365,1.6815022944456848,-1.4604926933716258,1.357290225078875,-0.3133629076537528,0.2929958002280676,-0.14067426993849771,-0.9680373278763078,-0.5449207173125676
1.369224343941804,-1.181893257214088,0.4678569449566297,0.19462961337997714,1.6484837145319982,-0.5088270574321013,-1.632344009854999,0.7110006570784693,-0.09785890879378398,0.49349758087293416,0.04254692603711643,-1.1528277421506266
-0.17964144458482845,0.5760685464258206,0.5402618851654103,1.0757297564582968,0.7103507054484282,-0.7471152149745877,-0.8202955926080713,-1.6693174503364394,1.009768667625453,0.23668498272078167,-2.2943280931207273,-0.4398508228654011
1.0539565281648187,-1.2063300743867704,1.6478829100512435,-1.278659081662091,-1.432482883851446,-0.2915696938862898,0.5561185372944276,-1.196789410053813,0.6634992564464564,-1.2299058208370117,0.6187830756230063,-0.4941792872461957
0.5901221293218086,-1.0128534416724868,0.6388452233041171,0.07299712205906286,-0.46476286617592344,-1.03041248212802,-0.198609875271694,-1.3464854654617395,-0.24190585777954923,1.9428468957450846,-0.29823439643696414,-0.44780935292703394
0.15010820138737394,0.28474755169922955,-0.2988019573117056,1.2792400416275063,0.7696276279459062,-1.8578626994825136,0.3103687840896736,0.2497022071180011,-1.941427401151028,-0.5210814619038713,1.6119331804148997,0.5380011741766769
-0.24972895348510082,-1.5638942213537612,0.31783452724101796,0.6315983319387409,1.636324468382625,0.5706665255780271,-0.2495191261233038,0.40601394292910953,0.5905376173200326,2.2801131881654637,-0.8086631321970426,-0.3347307339577818
0.4417401487482357,-0.9566468708566979,1.3689315938874422,-0.4324215618643552,1.4290053278190344,1.3524413567533708,-0.880117448830228,1.0423447102674732,-0.29251400122391924,-1.1607598947364877,0.7837412210079173,0.2792164432028412
1.7379249745615417,1.5731094099314131,0.8147747247430751,0.5516561993638822,-0.41632198998018505,1.751415342225993,0.35117510756870535,0.20749282710718692,-0.1536689679258578,-0.35115703236837686,0.19739627270647797,-0.14524965312702562
-1.636068922572844,-0.970103686879303,-1.836769972145021,1.7358615724028121,0.5419832166207309,0.6417879384059135,2.0187016913578515,0.5233146343748581,-0.8260083669318296,-0.46870564701362455,-1.175284521486165,-0.1777589005226812
-2.1718116735730018,0.9434595526288041,0.6165839293224276,0.5395330881875986,-1.488600110996483,-0.22623554269286547,-0.11328324240241668,0.6587393754346255,-1.1239046260996994,0.3222859888880117,-0.8737046752600749,-0.003386694634849489
0.3143776217060013,0.8478311514867676,-0.8540299020608714,0.9341643299305179,2.244447170200926,-0.7394192983828978,-0.5914760888459601,-0.22443786413610797,-0.11012928002593782,0.6919686672168209,-0.7080621199402927,0.7819615543706342
-0.3530699933098552,1.0065276788992867,1.531211905405383,0.7180402265331002,-1.7402050622578316,-0.4469017261535059,-0.18627105293424592,0.8736206655324118,-0.10938034966946471,0.971177817600747,-1.0331130344624186,2.073231466209171
-0.355150534995659,-2.0030885817999073,0.028021543764421737,0.07406599839712599,-0.7287545663587015,0.3337330094900416,-0.16794200126385664,0.8056935161145535,-0.9278691453381055,1.2599952950432156,0.5394273729539927,1.3906260278654243
1.3575117830450494,-1.0810630015526594,1.3369858839366504,0.6195100109925438,-0.9655678937968328,0.33179365199703026,-1.2557161317959384,1.0833292094928317,1.326880347147377,0.6864370813819323,0.8929647137718059,-1.7083305227154921
-0.526515088488237,-1.5172207319676494,-0.5136387557545575,0.7371333957639639,0.2780804018768676,-1.8089494724061996,-0.5512776852667624,-0.16775978023796165,-0.46973125114342995,0.005585598447785122,-1.1015164481414828,0.28049648035977426
-0.09598901672740033,1.2719482066637096,1.5222563467399741,0.06347215209788429,-0.9217695667437404,1.1676573712329155,-0.22839466714905343,1.0762916767354709,-0.44215803651814184,-1.3125962257587889,-0.2968493561422322,0.34455020785083723
-0.8703166742900902,-1.369951063315417,1.0436873557936026,-0.5437843447779567,0.4406264105026098,0.906615471705282,1.5407387093177913,-2.2364762015659365,-0.2716482553886749,-0.813697209661884,0.9825352071994384,-0.18710692204188153
1.091767485205044,0.0916994904807211,-1.8075038951427636,-1.4046864940283526,-0.9756053621579627,-0.8865333355331002,-0.8578489640790066,0.10987149564871913,1.7573861406156162,0.47629042644856245,-1.1736690552625941,1.1549379737056638
-1.7815276606207482,-1.0630286478859563,-0.6243609331663292,-1.5855730731119768,-0.053988394364918,1.3271764930700995,1.7373360634653807,1.4415752713179026,0.8759950367216516,-0.22284142388307776,-0.14897269051929138,-0.6452711711525485
1.7739042156986469,0.6857843703738193,1.2102933867512213,-0.011037959047380457,-1.1540207384988839,0.2545505491792338,-1.1286801888386038,0.1004763270836912,-0.35410667089991915,0.35877321333957335,-0.7351194839918156,-1.1223473909151487
0.685257244691897,-0.34017064385815377,0.7245819891322982,-0.4049914109471282,-2.920814909086677,0.14206512849858088,-0.07141330407110486,0.9055872046717536,-1.0716114669264427,-0.24307759538535892,0.14526100270350428,0.36152989408806196
-0.07485994089884403,0.9129756730391068,2.7214423328183543,-0.09030590828810015,-0.2193297179691373,0.028380829605206936,0.5358457818548261,1.1425747390019971,0.37868988151489597,-0.7919629279585924,1.5214774860796763,0.012433950495250246
1.3718453217861124,-1.7130723678477284,-0.28084089965295767,0.5586361721383096,0.4238174655951235,-0.39812216145013446,1.208724697095517,-0.006628487635819758,0.2232604721342076,-1.7793041149936377,1.232624655778136,0.15063403396826072
0.34400893611778877,-1.2802423229945061,0.4993484093349082,0.08395887631540414,1.186249862862951,0.6943388956077603,0.2819895820376375,-1.5881865501016854,-0.6492311872948081,1.5527350543700997,-1.6343118056692576,-0.8949403658771985
0.1823768551666181,-1.2975523667423534,1.3346502290583184,-0.1402520957058113,-0.30453522058625215,0.7807552454753848,-0.9467742283117516,1.0596259436628972,1.6093420501792748,-0.963345085016921,-0.2963302618707029,0.3113177550041136
-1.9011809917243088,-0.969680990631871,1.3919329681038266,0.346512082880467,-0.22442597678801446,0.39321187146080044,-1.153660922916711,-0.7322603713103385,0.03161772309611864,-0.37616361015805483,-0.6442735161253255,0.6144075906820116
1.8278553851439803,0.4660449235097353,0.12313526474146298,-0.6714822247105359,-0.40220444129564314,-1.4644036762334882,0.6888378392751779,0.1747321051555299,1.3181266243133976,0.4815577746207985,0.6240473947429477,-1.773232196367273
0.8105652872617802,0.06426823974761577,2.094256868660836,-1.4740373116802084,1.1350445891235024,-0.07476688073554083,-0.9452210830389328,-0.22689554821957114,-0.5308142779072792,-1.0634179726824442,0.16334513992039262,1.1219592430410443
-2.196152015050023,1.395793406869982,1.078709938865541,1.2482871369888802,0.7355456221560517,-0.06912874465635044,0.31293842081749945,0.09274923216864431,1.0971855394453507,0.9308256137248059,1.0520299796648382,-0.3782929879263678
0.5681529698996922,1.7963774506694186,1.923847555093199,-1.1597029197424173,0.7024151752466138,0.16835178998917505,-1.4371242133178201,-0.3451865609386254,-0.10871829009908396,-0.2800743685714946,0.2902228019321703,-1.6505740007200922
-1.6283612658875495,-0.06830354002102289,-0.6433227239805585,-0.6173464819117592,0.10140331621834904,-0.916839250227964,0.666638273235913,-0.46644582076017,-0.9907947737624747,0.36935863407600894,-0.40408112861486584,2.1806612266823224
-0.22259664851475722,0.7061437345275838,1.3653573141568496,-0.3788676849330399,1.2000089702870604,-0.6584155610139925,0.7819812320186966,-0.4004957037612865,0.02441921961055148,2.231173241161185,1.0613003065338358,0.2615723515718312
-1.4574476001676413,-0.9789417310260259,0.3259730487326461,-0.64167624062888,-0.843216785870965,-2.006378679442011,-1.8562138892924314,0.11124956168615194,-0.682968965252511,0.4638610445701977,0.7051751518399584,-0.18401585770630627
1.2648857985219428,-0.7087339313118733,0.4858029748324657,0.13619934533196087,-1.7087965100638223,-0.215918750381228,-0.06754988991170285,-2.17145280036631,0.18679182980721398,1.1203225398866306,-0.4798043052413334,-0.6289325295606251
0.4043636450920866,2.7069091391855324,0.5706159159082974,0.21219281022821415,0.03186180570844475,0.5101408247750779,0.16638753965248135,2.0925148023130324,0.40440530783225126,1.0601094607715773,-0.08282866987031345,1.6899448567706972
0.8837006196981412,-0.9993991430623768,0.039045491077194565,-1.0469370019024953,-0.4700312345661272,1.1349189845536714,0.8008279322167274,0.34598948986319933,-1.1689313357356121,-0.3167614714850813,-0.2984393356835977,1.9759324572518076
-1.2877463292012774,1.0281418135800435,-0.012405680078714112,0.9908286264268412,-0.37299659770798527,1.7514789105667739,-1.2575522861526218,0.5976354928007629,-0.7135601937987379,0.5573515747999593,2.0336901367070332,-0.9692876374486123
2.118929041491023,1.6297853156918949,-0.03277641510402835,-1.202361513962367,-0.32194937995173156,-0.9209704278074748,0.6402849674436566,-0.18441927601705613,-1.3877155468508509,0.5976222771866966,1.0604401386431768,-0.09665706416073751
1.1577174544817708,-0.8210860763303647,0.6204915945231309,-0.900555962269047,1.9050148125694892,0.7467365199406627,-1.617553556820555,1.4043053428139496,0.011689612203118246,1.427059739132278,-0.22298006862309425,0.3086889409154085
0.025918506554106716,0.7016117198705075,-0.8591737579839026,-0.8852290835409043,-0.5161310294817424,1.187687744836982,1.2761570923589192,-2.1014590123988803,-0.6129673818953261,0.6656892109157075,0.2744609284262637,0.03940609241340382
1.4787409573598365,0.24218621437671173,0.8795779945128273,-0.641974039346067,0.21272145659964908,-0.5556273819136074,0.5428705394538543,-0.7887508945648929,1.7526924033770335,0.12936153484148374,0.6831125469051291,0.5259976938778307
-0.032664970203343816,-1.3172603804867842,-0.14647623745613797,2.9287521685013416,0.6069130786213667,-0.727076260355123,0.061638095104723165,0.09891654158579356,-0.6566985555573358,-1.0573165878164719,-0.12552099185139573,0.10010391270020456
-0.3271421805160173,1.290726987122517,-0.951410808597339,-1.2768382927134692,2.2492460070585487,-0.7215447920265367,0.20385510386007452,-2.511616627351221,-0.163667946775092,0.22129647359089918,-0.7345464327648378,1.259200992590648
0.3385818613443564,-1.2689834158499116,-1.820868053942033,0.35928447755766424,-1.0122836591485596,-1.8509552784782763,1.1194177957139757,1.105084301145254,0.2588053912319682,-0.6652099766290868,-1.2857530546547822,0.16813299497616688
0.6025181981518675,-0.6966443647317097,-1.7251824445137554,-0.7521287543413753,-0.7077673826750951,-0.853615872604824,0.14507144530878524,0.3209874613632677,-0.24684689711002375,0.5590488714889555,-0.3575466078586099,-2.1865550579309625
-0.09961671874104468,-1.0164128444397122,2.2753737905907236,0.01621044064033466,0.5305760984906936,0.5411754324566186,0.46406780028270916,0.4701687082897811,-0.8332084076104579,-0.8169562266323972,-0.28861583692770776,-2.037771397692586
0.7475108577419602,-0.3368878369178359,0.11210607172123682,1.4819164982519635,1.1811352492747744,-1.039461860605921,0.9852478552661881,-0.7546070828685392,-0.7702007529936524,-1.235426158950097,1.7433979504680217,0.6444536952068367
-0.8292136254728949,2.187207751942012,-0.06767641835294216,-0.44881886830236317,-0.10615462258949934,1.12024884970623,-0.5084957466236228,-0.6351402680395226,0.4834032193135358,1.0165627432209017,-1.5047224547967275,1.4716098131177253
-0.40288138193134054,1.3524917145252762,-0.37767335881960307,-0.3333614985047139,-0.8958573531843459,0.23909906987859278,-1.5572346497927407,0.7464393842703322,-0.7688330679655415,0.2980831417288411,-2.3192284183225844,-1.301499507171677
0.17709086999682153,0.16643449576581776,-0.9801158702109534,-1.1360000534638424,0.10357426112342163,-0.5978438965464122,-0.8037670156386986,1.5861849946222293,0.11558167706787816,1.3330022102760035,0.7518493772083259,0.35283203367061483
-0.3823778216409338,-2.0053935398240457,-0.8296646956184612,-1.2039139300826749,0.3012145479649101,0.5137745675926059,-0.5893897635831115,1.572340516081503,-1.1765520646015517,0.08488440409627628,-0.159467356882845,0.9081665610929129
2.351968685858599,-0.010231787219633741,-0.5769191652414136,0.15655774157685542,-2.076100509463783,0.3911959031651123,-0.2519220573054438,1.0890516014822595,0.6835039478909091,0.8102858895100273,0.6127924997219261,0.4554727855704184
-1.1921277299634996,-0.9557270550590039,-1.5363008319043678,1.4618801025785464,-0.4916341052876805,-0.9885322956700191,1.313481758522488,0.8632263416596602,-1.025546006504486,0.19763735948837227,0.6098189423760318,0.6437318662239173
1.8790618131671568,0.8122335073453338,0.9155310068868204,0.7921792156831425,-0.5284498469528197,-0.03304565010504315,2.4018609065791856,0.05046590666415294,-1.325955872227854,-1.6765288332189583,0.7464606957669869,-0.6060500330484271
0.7332327000163884,0.382184717278672,0.7309546050575934,-0.041554401055219806,-2.247262386912208,0.18586923530270438,0.551063421929917,-0.8701595637671228,-1.4724977605022698,0.022982992856274125,0.6584519138553956,1.387803068757485
-0.14872286787740077,-1.5709004965925186,0.42311395438295946,1.41618769055979,1.3617650801330712,-0.08968908274280635,-1.3620052040237758,0.047342191476222956,-0.15725139244566824,1.3750009486293582,0.41471861969903207,-0.8862409683204786
0.024586084603278994,0.1618343898059169,-0.01155433433299105,-0.37769068892768387,-1.0095060646497493,2.08725259565946,-0.26153238319838923,-0.3165001346654339,1.2154614228911373,-0.2500482657677987,-1.3117512859193026,-0.3836713224588647
-0.19938086198391686,0.46182152993397746,0.2233943240829134,-0.6094839215682507,0.380440840068469,0.6444202618369144,1.5980773826808905,0.7412458000352287,-0.4564184776177505,-0.6791158388150115,-2.1127017968477393,0.19385179877141748
-0.4178322019540878,-1.2197576528793272,1.7885923575355789,-0.9338873828915163,0.9088496827859346,-0.3292155974160638,1.4782478077892982,0.03062561673397238,-0.3328220199145731,-0.5796399690104164,0.9412103708971065,-1.4882063858660197
-0.6458708203112739,2.2345640518426353,0.1076414987474417,1.4252815010957074,-0.23742033331892462,1.3926095992256684,1.0769710992608574,-1.0515186736077642,0.2923426394720009,-0.25917525393766677,-0.6376533373150696,-0.9897314490221143
-0.9058526230007922,-2.1978552153801765,-0.2396030661074744,-0.7828742550468517,0.9865527495338833,-0.8502684706736567,-1.0064636407897245,0.346066232641647,0.9829920037480574,-1.1327856795838438,-1.1015146817347654,-0.21858262226256303
1.10675857449249,0.28470771958982033,-0.7017134997279585,0.2755430724254314,-1.3146514934269253,1.9373373226292805,-0.711143522034302,1.4964506418305143,0.459912537582145,0.4381649158062468,-0.14695391733597857,0.20595675553404233
-2.2363011372440793,0.4632179484882229,0.7921863840966189,-0.8074079356184405,-0.7965700178444298,1.3779587849402521,1.44340646063525,-0.19160088262464636,-0.048521403898884014,0.37902593232821025,-0.5448530348362352,0.2294697405137682
-0.22328946597199972,0.7139114351281075,-1.3806116858445427,-1.0798344307328078,0.2861195540586392,1.546722764502592,-1.4133929643793963,1.1564808136428455,-0.36652312888360317,0.17442716953454038,0.007553999078436535,0.2415185728150557
-1.3277731252075828,-1.3084272690793441,-1.795471562667429,1.1655574131204913,-1.1947447263497526,-0.16381870922715594,0.34999720556742114,0.10669575421412651,-0.48626951964942866,-0.3659967621277393,-1.3037465861090585,0.21202240876258632
2.442517606434158,0.46897855651313625,-0.7731062905824677,2.0136373012308657,-0.2252742786423901,-0.5326314145638115,0.1714189027898849,1.113196343737879,0.475572228316463,-0.230016550667593,-0.2154407330534056,-0.1364555799230408
-1.0156131093084468,0.5175124313660849,-0.6081796229706082,0.5082998903419785,-0.5715286208479489,-0.6954435746801788,2.3558781269735105,-1.8750806499232295,0.35638591033281036,-1.411401137894453,-0.6692844064620787,0.28322301852564474
1.1995400649869132,0.6173201903849383,1.1620077458893459,-1.0106574317219756,0.926951593575013,1.2146739001178126,-0.6126668925154924,-0.6290652772096367,0.7824204701891416,-0.1894067210850003,0.8003924180098642,1.0154763088232543
1.7810368173491653,1.3957011201912843,-0.918689813827862,-2.8288336239312573,0.21190830552760506,-0.28682887492485176,-0.4548826837280241,-1.8277000400379388,-1.7503148705894778,-0.3491476765190822,-0.23755028942402676,-0.3053799985362826
-0.29242217974962226,0.3176673705941654,1.0918947978517133,0.749317127818614,0.275484155503236,-0.13209345764843658,-1.6496669011220615,-0.1177861835906763,0.08096189485655095,-0.9804806305620586,0.47733312094732094,1.1577807976187777
-1.0658148235064542,0.2253403875594429,1.2103246596089776,0.0008636105374940915,1.1596899505417877,-0.16510227992255053,-0.695260471960601,-0.5459194158214364,-2.1570538400011783,-0.17837102750904846,-1.3552336116543109,-0.22995545112194268
-0.33088270522291263,0.21954701683227829,-1.2102193600705942,-1.2325451441468165,-0.21820200474386683,1.805836933064684,0.38041274277000725,-0.2299814329866814,-0.6845144364947776,0.09675900773949413,-0.36633659378732397,-0.3079077210244986
-1.3740322110177918,-1.5618331385341184,-0.16206129105129016,-0.2146047799585978,-1.8560552609208516,0.26039600427037646,-1.197187557671086,0.7874470730866131,-0.5790007734496124,0.9208359395325337,0.35309006874544613,0.9133615548042938
-0.17056461946459334,0.5984867289322953,0.8301269255028482,0.6046653646614414,0.32511750412978146,1.3329701850618219,1.0704242861810742,-0.8719508343912609,-0.8927023974219288,1.014746541672885,1.0206604392018233,-1.0939568266641124
-1.4774381152591374,0.4948295249855496,1.1488856532575835,0.10371843223368041,0.5163517408615962,-2.325121071787945,1.13049457746399,-0.24347482578788163,-0.5050369207764893,0.44102894700304884,-0.5188348691216121,-0.5311150507625899
-1.8874169819396396,-0.016015926187561817,0.10948265602144486,-0.08053470680782077,0.7536004346562363,-0.3595352984642096,-1.5764367440533598,0.7177347186455291,0.8044709074363189,1.9208600627347023,0.015934583079320486,-0.42953079890466345
1.8631008085153178,0.4180575687510693,-0.783808669232253,0.6890223948949946,1.0222794344054007,1.1965250706740818,-1.0857254609356253,0.6253873162427973,-0.17337323572208413,-0.5557962935591824,-0.8117741012010017,0.3574585514236247
1.5377675847600432,-1.0347164259957904,-0.5941278268608599,-0.8534823372489503,1.8840903142626297,0.44843560333939103,-1.2410838747645552,0.1697688641891601,-0.35415509714930643,0.41332695114227647,-0.9405355377047516,-0.20068354344063433
-1.0659121227211596,1.7805056425238726,0.14245356307519977,-0.8429423859140095,-0.7643849299833422,-1.4159587575398112,0.724150632529629,-0.5983500771225035,1.035171428349044,1.9249115206358174,-0.4917556846951492,-0.014834333487849637
1.005525468083737,-1.3502846912059232,0.18123660983129566,-0.7799547988694547,-0.376622558400487,0.6725440528865327,-0.005666639267150764,-2.768670651728597,0.0338057091424776,1.0610091382084899,-1.1376452569055258,-0.36869855270502794
1.4007321421720447,1.1784445554065321,-0.782768248747459,0.913192740986377,-1.2414547096941333,0.8275648984149085,-0.5539541606313289,-1.3705362920574202,-1.4948286401745747,0.38059905965457047,-0.5325259720682475,1.3454966737764646
-1.1604973414380924,-0.6215352709267562,-0.883410196525704,1.8176637191626184,0.23329822980810686,-0.5146539012075938,1.0671367835774512,1.3133428421764566,-1.6410540869312613,0.28195889306512995,-0.20420443270827568,-0.24852213190580721
-0.5298451468255065,-0.5396828099913489,-0.5839107098539316,0.7218071698973219,-0.2750737767797172,0.051726697206155775,-0.06168134388111818,1.061834702864726,0.9064134873366647,-1.661351632010605,-2.710628172593787,-1.0650615945933803
-1.0924380412098897,-1.403656505634041,0.3979890122991292,-1.850554882157605,-1.2331679268831648,1.120582753292168,1.047676933551255,-0.7061648973036009,0.8517483344691491,-1.00821305809817,-0.8274957966934653,-0.8092360601911599
-0.23033736760236292,1.9625175205062368,1.218656045179213,-0.0024289353658819885,-0.2096587922999779,-0.30535833668944856,1.3252283315426097,0.32618630788486314,0.6783838646465853,2.415719868707444,0.12223096930298272,0.3858825104786296
-0.28379588047626525,-0.3497619396434998,-1.844498803589417,0.8680984884165975,0.29743251462594533,0.3048697126576,-1.6772571945973749,-0.7292058426390339,-0.29205325193746867,0.19203403292440033,0.13006306739465123,1.1690134422301828
0.015894697294697866,0.6027806561005785,-1.2408838161274864,0.12855590151376625,0.5828120952839764,1.0508917528539872,0.5854055346452324,-1.276205103524468,1.0057208235480286,0.011928098086721614,0.8103537565585144,0.7220187793625804
1.5793356701118317,0.04132907653977612,-0.7575871904646456,-1.0629156090707619,-0.9383125439132285,-1.4669241535792963,0.2020356463661889,-0.47329195142661074,0.7194487514592448,-0.010033304142128899,1.365765511913949,-1.6413316434390945
0.2829642957066952,-1.746741401909906,0.503552130532666,1.2252515941414768,1.9494031244460261,-0.3232165154830342,-0.6341922969590715,-0.5827277255123008,-0.8030939440221316,-0.6317219799912883,-1.1191843733292601,0.15366589612908257
2.1344319965547625,-1.2634667589365949,1.394763252772091,-1.6045116694215797,-1.7849344408863888,-0.8946745047341812,0.8360858831061383,0.11348272732462003,-0.5079326090420404,0.6958388312817884,-0.514515157128482,0.5644851502088847
-0.09422577974948744,0.05562388355833298,-1.3471294733928254,1.3081306462429774,-1.0602518650269996,-1.4057688966689263,0.46638114430175226,-1.7743701949783135,1.298412946707265,-0.5771677678722014,1.6808848167495094,-1.3803795308189046
-0.2544166232700805,0.7024217376657874,0.22129818023684641,0.718957761655523,-0.560829551514348,-0.02916158837017523,-0.5417750603229821,0.6501884756431605,-0.8475067942738191,-1.8025238543246833,-1.9185095376524581,0.0059737968125018765
-2.3254510315524213,-1.3945685613164114,1.7242000087711185,0.020547906351276596,0.974599136184115,1.1001380879046956,0.9040515174075505,-0.7320849453844921,0.7827479370642515,0.05623292991867061,-0.783101854942901,-0.23325967038307385
1.7611149650215863,0.181121023939134,0.2311710198024395,-1.3724730562724028,-0.05964402490099238,-0.41186865160514025,-0.21796180799319936,-1.3688559500080728,-0.6081084144181803,-0.03360858007019263,-0.71658112843325,-1.5464367603785654
-0.7001128847345256,-3.205391603421302,0.9237880210238039,-0.01186578032094735,-0.8183267218023412,-1.1416515043949078,-0.7447778266491769,-0.5309183617918622,0.7575098462857784,0.6082819961994355,0.8970273977467866,-0.1539011439694283
-1.366776310364168,1.143443032140772,-1.0671160870438916,1.0960883055982924,-0.8006426966936183,0.3705476410327032,-0.9238278760790841,0.047453767168485844,-0.1876382004128905,0.10583128625539182,1.8331385685663588,-0.6908872274167324
1.2032745696402805,-2.181938082710702,0.17888954428276213,0.13520497563887876,-0.6799229620223143,0.1674797420888298,-0.7961395236077909,-2.194362922200519,0.15059674939951065,-1.2569574088869897,-0.006506339147443508,0.6196659567599387
1.1270288023869388,1.274360650047131,0.2421714048278207,1.2001192375124146,0.0007453859718753145,0.1400117831311688,-2.159539406684729,1.105039385473852,1.567561351308263,-0.747434787393939,-0.2545153429375842,0.45863901915415645
-2.052344728134888,0.623077882037518,0.028369360945160266,-0.24273559043981727,0.5816827107641958,1.3156027706915514,-0.22489626594100032,-1.895421366230298,0.6776888900370502,-0.18362295168523043,0.6595824572075704,-0.4296911353310709
0.12765304819456572,0.48602556937566943,-1.0584390435482542,-1.40025341376239,0.9214380884181032,0.6821544526658477,0.8307363762038457,1.052294444972337,0.8181022153474169,0.8622524045535868,0.42950266673218873,0.07297251228538863
0.9735330649565406,0.30367310157842053,-0.7728373415340251,-0.7722456740319712,2.5595018591415597,-0.8034504545014978,-1.2593438856832198,-0.23996676968641112,1.0172920590147725,-0.5901370424796138,-0.12253351021759623,0.8542552068948486
-2.047349380825246,-0.4001335909769017,-0.45167666595277245,-0.4802084921574576,0.7363649883576617,-0.9665169507479527,2.4131851404792988,-0.6997867308346573,-0.9886020026608209,0.41518262970618586,-1.2696473274074773,-0.5696715582314168
-0.9672451354086579,-0.8179280640930997,-0.7734264740391292,0.7173397834015058,-0.9635326388441707,1.2015120993538067,0.020537464464187947,-0.49918086634289127,0.9953016458192577,0.791647491001314,0.6086737812066588,-1.1227432255435184
-1.442852301288421,2.067175360049267,0.8123480377790371,1.133390907427251,0.006780762152524239,0.609239516703346,-1.4356797022759182,-0.952146385882159,-0.8915685494394595,-0.4451072611215761,0.745483368732562,-1.567624563728847
0.5389162211156563,0.30251881460173713,0.8149125651936912,0.566511935586841,-0.8478823480604674,0.743426010781521,-0.852354426928456,0.7426907250545761,-0.6154550810628373,0.4188738547061492,-0.5929170905255932,-1.6378530761732832
-1.4084987659613089,-1.4783707149504703,0.47977083921086616,-0.4134227900244677,0.26522649066945747,0.5032485215262564,0.7913472502586405,-0.9682410330458819,-1.084941057392021,0.19893106906084926,0.4073362396641784,0.7180271951834866
0.3194683002029767,-0.2828472286828633,1.696452716454328,-0.5625220209342655,-0.856431039465451,-0.7061917896336677,-0.33116346964787574,-0.28570340281258566,0.9982357180568578,0.5729596747811628,0.0853511366051849,-2.8415985485018025
1.2467441501675138,0.6337486531222208,1.9054767086691726,0.5719989971964484,-1.0260736594578277,0.7804138410610398,2.1342837016373246,2.146808988193288,-0.5449574717249623,0.3963891499140344,0.36821949124833414,0.7904673059833476
0.10242526432981852,0.5289486904974418,0.7682210881804252,1.6232657470706526,0.3073533555550506,0.3231476991080471,-0.7305230576527746,-0.9498695885844577,0.5694200818938034,0.4421776727511567,-0.19676972824716274,0.949510782678612
-1.4450190694829164,-0.7588140174740123,1.4081726425122185,0.5272725208834541,-0.8363809129595784,0.8788404026485772,-0.5422143410913381,-0.43366407674453866,-0.8530672545739045,-0.02265291053448905,-1.8792733165211781,-0.9054979244848498
-1.4170751439918705,0.7359433322381252,0.9703669544148563,1.5302574287431712,-1.8989409964773938,-0.31336643267917863,-0.8148481380854029,0.4455209976319135,-0.12594163006747036,-0.24909803929356458,-0.3778492165669822,1.417109860890052
0.6843184838199355,-1.1254746230380976,-0.6265268777800083,0.9424066238410427,1.7439752248247538,1.1760820332326265,-0.39397875586084385,-1.2792166786836985,1.3259290224146156,0.2632448162951717,-0.050025273289142504,1.6554475868830976
1.1636977669535626,-1.0370583916496903,-0.589728318283197,1.2310986194531557,0.08004033174277796,-0.7932330257543209,0.5508066426469288,0.36221434376758643,-1.472893566398246,0.4029155299216978,-0.41692353117340913,1.6266195295813601
-1.1780610946707237,-0.574555750845173,-2.92102132349884,0.3540898080915692,-0.6956075811501866,1.088930725327337,0.5828075389078259,-1.053705875361734,0.29618817925211094,0.25836917900535794,-0.25392715738653154,-0.22345927671827429
2.119950044293106,-0.12130606022289275,-1.9927740054945948,1.0577773092730007,1.1349346066843855,0.7274254982882056,0.2423535573376052,-0.18201529405873262,0.16799041247339094,-1.1026935921963466,-1.1155107906140496,0.38782897630322705
-0.5514887040464443,1.2779842886504205,-1.2655496636234589,-0.5361019436877792,0.7786633773719822,0.4957409945466418,-1.170654205593372,-0.5614786292667707,-1.1057136939001684,-1.12793024968127,-0.9629934610981207,-0.6177962943907567
0.7706039475540396,-2.280902724892888,-0.20558264153620004,-1.9540283206000015,0.18009506990203056,0.9570267875079365,0.01090399428661621,0.7698092490492066,-0.28190147890179923,0.24117891895717755,-0.7207216167237868,1.0258798146567214
-0.5386474956417487,0.12978009222447093,1.3420433106489609,-0.8761911323482655,-0.7547833561747052,-1.0404801520952665,-0.35948559025518395,-2.094367773559848,-0.31950899714694536,-0.9148122465227887,1.369904096292442,0.4867800430212729
2.1765886423332845,0.2923817093356903,0.4376481796228316,1.3677078841164443,0.619423309968643,0.6073605696173782,0.95423596323074,1.8744569207615733,0.42675454007322544,0.7644573971038743,1.3971581749447746,0.002408799184630977
0.7244846382678922,1.136948454381171,-1.883343766248817,-2.2727353100513445,0.511797455189011,-0.5445031901257106,-0.49375640980788765,-0.13851828939849853,0.35748555422421013,0.01932274831746487,0.3299514299463138,0.8012094573435733
-0.6871556278920121,-1.1038037402834053,-0.5235484386010927,-0.35822124829076063,0.9336992403752139,0.4942780626619571,0.9024080112611619,0.9375086194056104,0.7127460879407375,-1.110872084152513,-1.0514704778153894,-0.2829235919852084
0.1722907753291376,2.2482074503917975,1.3976582525850145,-0.6751560491639698,1.4468376714918671,-0.8644083043879006,-0.322869279580402,0.42744617519256906,1.4641850327939352,0.14909355548706912,0.6793977321576911,0.7185776252319638
1.6897752486123165,-0.41744290539937884,-1.707248667662551,-0.6233270461499348,-1.326585560413974,-1.1738088414881762,-1.6985716679309422,0.3988667050355918,-1.1254204004116224,0.4496008729949489,0.36345180192690996,-0.35658903350581084
0.862708973438331,-0.09227775368856724,1.4056122445444732,0.6406671643884078,-0.9137417571269181,1.038143560357343,-0.6322695777277156,-0.7049210953248471,-0.33319479537725405,1.6297196854028175,0.34320082938431284,0.3544011344377051
-0.270977975065645,0.6162186231254193,1.3184822607434976,2.3319358109440795,-0.16528831455785592,-1.0219940276257007,-0.7135764479542033,-0.09403935285457235,-0.6548274034366459,-0.8692370857256234,-0.2683238445574907,1.4611469840455873
-1.0264486870460514,-1.405905544200232,0.5312339430974626,-0.4026318435773977,0.5014101555064268,-0.2658950038693592,0.5342673132135867,1.9806358908036839,0.6527628475697375,0.07590686047478698,-0.16456694908309097,-0.785417964387239
-0.040593507102107615,-1.4889799370492893,0.05666245040252768,-2.062925431325552,0.7956271741004609,0.1720398614205451,0.44459145610855433,-0.8049193805751267,1.2645472259589785,-1.6433619377598525,0.8339889485824579,-0.048644885709374044
0.6293356366619278,-2.1590018809157625,-0.4406435205338179,-0.7723824750765328,1.0589072452976789,1.1841558455329229,-0.4908055039041287,-0.5015771719476201,1.8221277383246537,-0.016066536051951644,-0.4030786514043264,-0.622950980789584
0.1129076922932361,1.9812148247237196,-1.8751547462936136,0.42671397865625876,-1.503647387981149,0.14332937767272175,2.0497349497518518,-2.2213035013657505,0.5949176231828599,-0.3571330074345705,-0.40516507474384555,0.4862115760685969
-1.2100734701503617,-0.05123005348874956,-1.6060020104329087,0.3374551631999853,-0.3489976618792174,-0.04057304002694194,-0.7680114414950491,-1.929353650187461,0.7194671885298694,-0.8506686081480546,1.5452835499916657,-1.0527343566364888
-0.12382559954864478,-0.19315010103403973,0.2357299292633547,-0.6440074590016529,-0.40899629194946524,-0.7029253776160325,-0.7020578034443595,-0.1196040140696207,-0.6233583123539637,-1.3337622755467544,-1.9981389101037457,-0.06701571131303095
1.779827432615582,-0.0056147344978638635,1.3625918256701148,1.9890266851248986,0.29852279230539036,-0.03681148621756857,0.061371130247747374,-1.0334561613563196,-0.10352668063745847,0.9022618560719181,0.6910783302526813,0.8422553379841405
-2.1349737309678827,0.7423798390364826,-0.7163544183203815,1.700684344137927,1.082390227204846,1.4469853387260179,-0.017603141658796007,-0.17149880585840468,1.2204698274280557,-0.45283591279749136,0.5205580152816378,-1.1220352769003152
1.2818061974559558,0.4561865832203413,-2.4744903681853874,0.5442054190182839,-1.0954922902478577,-0.2959028072917642,-0.344822930366402,0.5408323221698157,0.33677210501841276,-0.40983497864622054,-0.7330765341901079,0.4404255298762652
0.797776431798204,0.09039514800078564,0.6681975348118341,3.1008264177965934,0.7444132202012814,0.89669812836443,0.17201982356287293,-0.9698711849132033,-1.139889287724925,-0.04149496821143921,-0.6891619011082403,-1.2328982416703655
0.23347230650758996,-0.610238342512653,1.5354873494036434,1.8988197044130268,1.1148347515255486,-1.3738830167459761,1.5221175480936688,-0.7637771480012736,0.8156549657460596,-0.19427959457413221,-2.146429126715888,0.5766423852983502
0.17961460950671523,-0.8547273155008565,0.14409844319998444,0.5216350859924264,-0.3042738692747933,-0.23327830591663715,1.849254458919085,0.23086958364187782,-1.1919408349617824,-1.1719952737741595,-0.1653928855750729,-1.131156539454611
-1.989491584228025,1.3892956819090336,-1.3761040183058304,0.23824933685898267,-0.1337024910849554,0.12586236532563522,-0.6897062967387153,0.4667789117483895,-0.24095763356299982,0.9023656258554056,-0.039313514771854664,-1.0189437636545025
-0.21814479029023942,-0.3827969145895724,0.757689088353786,-0.5572472948780236,-0.4921871078716533,2.1376693099085653,2.1185424300861833,-0.7811634163488458,-1.6571738533415996,0.27313772521005486,1.2059972503570455,0.9624292398875568
0.3644272822418736,1.1127366714289024,-1.4525711604241098,-0.5201316767792847,-0.851604445021857,-0.43480670023273443,-0.5990148811893271,0.9066120714694643,-0.3396921563930605,-1.7715094293619478,-0.6259891554407526,1.473845987067755
-1.3356387319654968,2.509730682960856,0.7666594425073883,1.0683484374687584,1.4538105081146413,-0.16993338338915912,-0.4541667603001779,-0.4373963943943448,0.6236440391810496,0.1534909024501896,0.5476744831209536,0.8458880247937083
0.7134313532201932,0.010716388875472252,1.0544320111974066,0.7868741779420332,-1.7792967673412199,2.11309103398756,0.577613442013599,-0.3420566180273916,-0.07578641716957268,1.9430193354785812,-0.6733249531033098,-0.27580797306763705
-0.16973509562843983,-0.2690913659092448,1.4766183774152755,-0.5334285556515314,1.6758565466543722,-0.6248863163024811,1.1829980180006003,1.4032943016262533,2.1863673799984955,-0.5018539241779097,0.4114981233308107,0.3508335390215184
1.3276644664367272,0.853676664117169,0.6214160230279583,0.9482922410054387,-0.7777099395131846,-0.1797381043728705,0.3637635754991545,-0.6131609591433267,2.4761819549367217,-0.722482992096393,-1.6853102366632624,-0.5097858017545023
0.04227370224843333,0.6829298197861565,0.07029155284377492,0.9781867740639846,1.521569444688939,0.7646339410238082,0.5836868336455394,2.3115292408943837,0.37375143586307397,-1.1773204539532343,-0.21996663300245511,1.782668112957126
0.8151137247691691,-1.035838499690473,-0.985585856495989,2.1934158525628873,-1.6364193409743233,0.07160866039792757,0.21068009847923466,-0.3850816623854799,0.4569572983329668,0.7580901888529228,0.8962514148530993,-0.405105048808773
-0.6665509965247585,1.253837764415033,0.35837249341687694,-2.79876741337735,0.05678146217750242,-1.174680529417041,-0.186916090523097,-0.7561316956669654,0.8654697589787672,-1.3687887648096975,-0.7486378088066878,1.3309897368850727
-1.2627207826550393,0.3381509629615438,-1.665094080940726,-0.2997813050662713,0.7988115331622323,-2.378157945096867,-1.0581136999732632,-0.7278750092979498,-0.37122171173818114,0.7697965922880806,1.0649322244989805,-0.5225210939262315
0.3630433966413337,-1.466074024721495,0.4594262184263018,-1.9425371217550835,1.1927570732074155,-0.5863836097204858,0.9961200738630505,0.7813633514651155,0.16792615974709016,0.058027898528979265,1.516397215055034,0.5284731697141005
-1.1034702866142962,-0.6350471785194772,1.1966823515453193,-0.08429004356565242,-1.5134632928369445,0.1565788647520447,-0.31286957309588165,-1.5304019970042417,0.344985513946715,-0.7752659270703036,1.2314298429091624,0.9464858696844748
-0.08358234327083168,0.4325657262661194,1.2132762196989413,1.0776680961765133,-0.5575273600336684,-0.24980529871928236,0.49089393964030453,1.9318890572765581,2.7714336844685357,-1.1900166573134905,0.37606466229512897,0.8665031809265545
0.20605700541389022,-0.07504010548934602,-1.8639389063803324,-1.2608330666284078,1.0512391025105532,-0.8900913169352491,1.1298755126757767,0.6000941793758139,0.19657101686248588,0.7772946371938335,0.3274520555627182,-0.7218067438964303
1.899180592398971,-0.9325606578570168,0.7681177864330089,0.7430783663246966,-1.2346587880254623,-1.2854204763183954,-0.5871136050719972,0.40818322656442424,0.8770408445430108,-1.512451559833809,0.16260690715445075,0.02606869668732979
0.08668719374293503,0.9686701291351149,1.1245460832044467,0.4440404627952352,-0.6658260625554178,-1.148664110248772,-1.1973119139674413,0.36150476677593485,-1.1303092655067661,-1.9919882638809077,0.6706461211728633,-0.036488692749904905
-0.6557374812455866,1.3265392648960157,-2.2061588572235817,0.5478530370148504,-0.6228062131748854,-0.9878783791574128,-0.0994945778453297,-1.3044453517698997,1.1394266803865178,-0.5031118758324629,0.8429457343492269,0.4631006095155466
-0.22948086042635313,1.402107022546119,0.2521033153948028,-1.8591632325456522,0.9930168756139188,1.1178665749367647,-1.0048378551563253,-1.219295823251002,0.7813381864733593,-1.0466781056998677,0.7627655177719261,0.5051422748463542
0.3686928833386237,-0.7709158196117484,0.7628087331206841,-0.06573033238365722,-1.750642315582574,-0.777175985947796,0.9637470848229358,0.12781852065504004,-0.9939346092622139,-0.8829094010005846,0.3980220655234144,-1.5231119012146321
-1.680131076254721,-0.9632966522935249,-0.2634975800017474,0.8165261034574386,0.8756896483216088,0.3726756829580649,0.6534767059497866,1.4800083061087352,-1.3010439297076417,0.8556198061864063,-0.33658303397242156,0.11785721965266732
2.3383223439414764,0.23063841596722404,-1.2529119445281889,-0.8455178579249493,-0.913864815668159,-0.026390221453407015,-0.0859546315492941,-0.2456929165719446,-0.24008117692825434,-0.0035764282978757596,-0.2342941386649984,-0.9237677796693176
1.0165593810108415,-1.0533406163279881,-0.11910030403906234,0.9088635416209827,1.1528616498152733,-0.1371845931078879,-1.8398675443411128,-0.8144680693344938,-0.3149914936565612,0.7237445041335098,1.2743059480772514,1.1141784765693856
0.7264857423899149,-0.317801989509914,0.15036372372658977,-1.335401799344455,-1.7238740575255156,2.811063090895403,-0.39957085145325233,-0.07611281578239007,-0.15023881535471648,0.706935320741837,-0.3925416873903752,-0.15453657044786687
-0.17788332709279359,1.5354403952430205,-1.3438268245287746,0.12356164598459381,-0.1823544768846625,-0.49315550509942674,-1.515559403236192,-0.07695967151233521,0.7657449897558456,-1.7844811182764062,1.5563774379505264,-0.6341983837071793
-0.7291371377715972,0.4902850046368649,-1.3691995308327942,-0.9333804811985343,1.00390593347527,1.7480335912641254,-0.529538609064138,1.5818728233774089,0.49315343804708345,0.5712573958466519,-0.3352158199671058,0.6544411884456994
-2.195982449062795,-0.38616948842167875,0.5475073617913454,1.7232478867144656,-1.2777589151996511,-0.26934098914180205,-1.1235610012335047,1.8515118469767078,0.7512001891971518,0.4027864974990712,-0.14438217487754157,0.6994428498191512
0.8868888363595793,-0.2622359504276967,-0.058169452444375776,0.537506757181905,1.2848119452249858,-1.2362997440566568,0.3799787201489303,1.5311525216841213,0.29246307957489526,1.039113097894428,-0.21578007059961046,-1.7876789215803368
-1.26911995694182,0.09293351205991926,-1.270570511150436,-0.2746661662317389,-0.38935723689105983,-2.167206325007857,0.4532050361537684,0.9338273939494085,0.3979830454314894,-1.526886409586759,0.33937617636248707,-0.8220695513226034
-1.005217640259851,-0.257589893374624,0.779783187534702,-1.3603900678757792,-1.2550574658819142,-2.024784180799117,-1.5965148623116063,0.4521066425924223,0.0012400239439572143,-0.4260841230685417,-1.4953740822799324,-0.21559857745760055
0.9551223995950953,-1.4645008089635756,2.6884678470317507,0.3862791940559714,0.4159903719216681,0.4469168721088076,0.09189334410147455,-1.1620615786629065,-0.3794882934647449,0.27151404975180127,-0.3487431981361727,0.7833561423866656
0.13987251090145655,0.11595345925527258,-0.9697278484181437,1.5559928412579742,0.9122571164141084,0.7847297423885444,-1.2284947235812131,0.9691097506104585,-1.8611520024167352,1.436932443260322,-0.3805956362024849,0.37356416072667753
-1.3945085895393188,1.2168596462446495,0.060829859654981396,1.1184583351895996,-0.20422054065796752,-0.21159409470300164,-0.005824924319111751,1.625901746852388,1.3002026507015514,-2.3595890536214035,0.6814165890456425,-0.3573771170958296
-1.2153540358854042,-1.7039593648571476,-0.5040143099366985,-1.375787449525445,1.7988042713836778,-0.0067155289067792655,-0.10516028654614379,-0.7051099510604084,0.31353508367358035,0.22131432681918192,-0.06331321986942333,2.2499352484687303
2.455001995139786,-0.4070798190000761,-0.11914498309350402,1.5958630284630657,0.47138117274660774,-1.346916447668497,0.21794586735830107,0.28727478578756016,1.5498214651766207,-0.26499927153210556,-0.6153052215512429,-0.9317255315350893
0.05311316135467799,1.8162823135948567,1.0865283574387596,-0.06579760148390651,-0.293981781732675,-0.518241653986641,1.154330747100931,1.9521912032744937,-1.454396265567067,-0.24791650821085945,0.4231144400365945,0.35714826308383857
1.4918094664445885,-1.7249131587653173,-0.38371401986401704,-0.7883565943156416,1.7387493303589825,-0.43295312382324025,0.5857961644091032,-0.9154958394484206,0.1879920256420338,-1.938585186279039,-0.17279047779031778,0.3579222896947502
-0.409048989648698,2.0169008243004605,-0.03965512667067442,-1.6218948637240234,-0.38910653629215464,1.599262891986488,-0.49587495421607375,0.2709752691154835,-0.836112354138778,0.09291953058321804,-0.11061935043757669,-0.8374702864912904
-0.6472663492564299,-0.021471187724067312,2.480236238380444,-0.3545827285990638,-0.3645615206430851,0.808759851513328,-1.3538896827953355,1.1026482949437306,-1.0124785188032124,-0.8660319368711615,1.2466363598240497,-0.3788755451594283
-0.9164310947535419,-0.8642760532160982,-1.724113948752949,-1.820952857445382,0.1347887199079996,0.7579010758825072,0.4205081241619538,0.5297141555463433,-1.3247044628307285,-1.183298771819654,0.9272036202003198,0.120797724882671
-0.7491450371905967,-0.05096758984558691,0.9873378033632673,-1.260470446175916,-1.8266934513116153,-1.0314067661306807,0.33385278233498616,1.1600025066152335,-0.5326380209516413,0.3104975848291826,-0.6970004283729085,-1.0774582058518287
-1.2807708389371117,0.4110431236236084,0.015837554440477547,-0.10769205439432933,-1.365560604392937,-0.9963375888681298,-2.0534682262427397,-0.9103179899153149,0.2710969690866776,1.215060633041239,-0.4393178577971729,0.2884459181052753
-0.7808588353944753,0.702367407692214,-0.1063774177534006,0.33388491605138243,-1.5697968571717336,0.18402207149447836,-0.16803526891036383,-0.15941696134533315,-0.9916454845119553,1.6928966362800073,0.8594732003662431,-0.0888733857209589
-0.22508006109004294,1.1383375323683789,1.6790239317534281,0.6005488745800038,0.3155843722026034,0.20165488077003502,1.1915848202326094,0.08597219466165687,0.34770936564302146,1.9931170954166986,1.201897457745437,-0.14258007938332667
-0.36140137137464345,0.328564777996424,0.5709708711959899,0.2823430249911943,1.182365152406337,-2.57812246386278,0.6143059268333732,0.4297082806224418,0.10264487372600828,0.42559177872913556,0.10938422292130529,0.5270247643954976
-0.3612670617584912,-1.1081287883668,-0.241790108491551,0.5387824586894715,-1.7047514853755368,-0.04447750214701243,-0.30696370908919396,-0.4303586959567775,-0.5546295524536947,-0.5446594082453365,1.4971217004958972,0.3339742886702728
0.6311276476201224,0.42610705613990496,1.070911831269027,0.09334912610159507,-0.6392443731496552,-1.9078909871198322,-2.419233171673107,-1.9251311078794016,0.058764755317805964,0.6924969373320433,-0.441145001495976,-0.12004100096526837
0.7103888902798068,-0.2752785778334857,0.8227526363421733,2.420665025705721,-0.08578556435934086,-0.6235867391783487,-0.9313798329084433,0.1283418399214264,-0.15700619263199034,-1.0035043031426738,-0.07885263211467484,0.8874542608547485
-0.544601961267321,-1.3392143905822267,1.0581154283483276,-0.5083748880414055,-0.042286517980162495,-1.251870790574273,-1.0299933197066027,1.2367105851582825,0.4069865505358479,-0.5931358657260086,0.9351361507729746,-0.9930423452802084
0.9786566068191105,0.5688224572466752,-0.49461750687636896,0.955823473755027,1.1060325522037793,1.128904368852442,0.1904693300082135,0.5002064394912534,1.938657282704529,-0.9439438629570095,0.5239498763981362,0.6497080620711014
1.90628768162844,1.2892363240959586,-1.3097956453651562,-0.6897743802411908,1.6876690164563455,-0.49217783899187056,-0.05206951636402295,0.5959281767133839,-1.738063888384996,0.08049551950908491,0.3488415134622004,-0.3503725821604565
-0.7525766063457321,-2.3112097509148186,-0.7184134048136886,-0.9677428601383181,-0.32508363867823126,0.602897116845059,0.6832031509916038,1.55201475157558,0.4718582059076559,0.2703043386584853,-1.0007509000208137,0.18441690118229553
-1.2654229227123115,-1.5858826608118528,1.723514381643551,-0.729675353909545,-0.9157262768553474,0.14214709577326157,-0.330885303364523,-1.7802943450813522,-0.14016907161059106,-0.24935680990519785,0.31985983042517735,-0.8480459341141816
-1.218267591315543,-2.5411916876699174,-1.4010665244891738,-0.05049610690233704,-0.8580198446683305,-0.7887946033391333,0.7536314413389074,-0.05924399027964217,0.09884307285218187,0.7786853652909945,-0.6357377353165836,0.7391385790876096
1.052903916806559,-0.5458658567918154,-1.7038617579550621,0.0869023499499649,-0.05169942624102056,0.7334130904788437,1.0334915542936636,1.0180088502430347,-0.2754512917649638,0.5655778430386085,1.008688090484386,-0.16115584780651449
-0.29575652418763176,-0.209655834303442,-0.9712010959321573,-0.3103281079029385,-0.12768930771953754,2.5595579696684347,-1.0720952571251439,0.7816137870218878,0.051029143894438495,-0.41158672636722266,1.2435536835852983,-0.3950992979260687
0.6270994355721228,-2.0082203155178435,0.052609455237733464,0.8098621468032995,0.2583561819901087,-0.1434802236264835,0.007854578725200097,0.0862167023527323,0.3392173204383854,2.3058748920781422,0.9337495672928342,0.0730170625842341
-0.5624871752857397,1.0888435661570501,-0.6615082721760063,-0.5771469741065287,1.445725927004379,-0.22103142922413813,-0.9805084301472412,0.07319229378345059,-1.0206724479563376,-0.26839066618740787,-0.9134876173402464,-0.5868545384481523
0.29139614047305534,0.26654788137161883,1.4300947257667664,0.04064753200555083,0.5109931714472853,0.09490810798223426,-0.04243067749500494,1.2556215969967788,-2.044087350003173,-0.6202427067393633,0.3509241771948386,0.052274625246775834
1.5373209289443408,2.7480198582244877,-0.313641448647032,0.31947673973884927,-0.966895105815388,-0.5452529808773734,1.2259030543708438,0.46336946398757833,-0.5526840400616886,-0.08334794045515483,0.3362769160035078,-0.37146022425194664
1.0669332229688646,1.2228834187125235,0.046602096858605634,0.8490809822804468,1.0494394149683228,-1.5067204425365353,0.25393654234585805,-0.3347175328787153,0.40436220064649653,-0.6993846139378667,-0.3405107822797865,-0.45540405363018593
1.6080911067113002,-0.003049562258079422,-0.8764552497980674,0.609088111974576,0.7989415244148911,-0.5800039803941438,0.29169350970541064,-0.18773330286316206,-1.2469488704153142,1.6216135546124877,0.4580694030287064,0.4381905747312849
1.2359890549247299,1.2660767959816608,-0.3223208997155223,-0.48011131462997075,1.0693919672433356,0.2303721409359404,1.2873123867070742,0.2901032190278549,-0.12809241634148308,0.6172495356256444,-1.526108689258522,0.2610152593980446
-0.9621873312570208,-0.0796620996739517,-1.8570529571964434,-1.8698565301092165,-0.8736863295401284,2.093057402582785,0.19722838135824033,0.34095844467534747,0.8200490696104771,0.06707137133316186,1.1457704050291473,-0.5564929803515107
-0.028846404762804055,-2.384660464341807,0.23376087843220517,0.9618140877532643,0.468707675919785,-2.0247931359126246,0.6155347746118502,0.2536699494804202,-0.190651265530039,0.9760983326176365,-0.7261396135875635,-0.1864195314332688
-0.4116714103348846,-0.2630540684229507,-0.45059661905152626,0.6885996634120676,0.1839969289990676,0.4266772806663699,1.0104753570013936,-0.6710347832881177,-0.6227249167464747,-1.1177488395079163,0.4587077473173783,-0.1766775406238879
-0.7617589515409267,-0.05191660459301597,-0.6198500303130224,-1.425639452948586,1.950732415927336,0.5915539755445796,-0.7459983924085264,1.0684407327678407,-0.17119977581563373,0.5759485294148031,1.288948453943381,-0.562638826115661
-1.6090570391383971,-0.8287715094484032,-0.747662602828442,2.606803327905033,1.3324407101519227,-0.5426651197174986,-0.7576104870240701,0.3210196350893037,-0.4578564602147894,-1.3907430135275667,-1.0188807696610418,0.35500188497037316
-1.5496173794826276,1.4046541854490728,-0.06762963366117047,-1.7216458390258897,0.7266102822520804,0.8738325256906052,0.49153752378459276,0.6547632097115941,0.19753134311165307,0.803633182999457,-1.5516407660919187,-1.6977573416043183
1.8913304574552292,-0.2058308344041566,1.6330056999360627,0.7579027270343208,1.2356453378458694,1.4408062761730085,0.7718210100880638,0.051142743410079065,1.125381485916621,0.27916962452625105,-0.7862269005458471,-0.07057428927266594
-1.696273478792746,0.11047194638633635,1.747186535207419,0.4283986258001182,-0.7417118772575383,-0.45847442769533975,2.080410211064786,0.2261592958621372,0.7638739313005197,0.7385565564151797,0.48149218578081915,-0.17212904617846875
0.5630625369961305,-1.3126798926741485,1.1761833862048998,-0.9143013054778438,0.8840511961750728,1.230684265025899,-1.41805223644781,-0.48498629073611627,-1.7127619040446398,-1.514994348894829,0.24573582982795664,0.9334298858474634
1.0409984491312614,0.8694492196745807,-1.3992473351675192,-1.1912909781663168,0.5215997908633097,-0.876153259146869,-1.473061148026058,0.46676054639285247,-0.8850637792342531,0.20469912786855263,-0.9103153371861867,-0.6697588023976463
0.034797970917477494,0.14077490574001927,-0.9439268123398455,-1.5042394419443474,0.6680884803226206,1.6961906307145427,2.33171066112879,-0.4175816572578735,-0.0028706551742427554,0.4476939998075269,-0.03295482739165893,-0.48698746707606366
0.24341787763528658,1.2374619440134553,-1.3825161118650038,0.38811964959179296,1.3838310830733611,-1.6535345740325484,-0.1161076702012915,1.1007917590728036,-0.31746692111651315,-0.24124053595043285,0.776285730773098,-0.858663660158182
-3.456650556080088,1.2550421875293278,1.0662325732703983,-0.41485972823163114,-0.2462405301087695,0.44040512092000605,-0.378455404273663,0.24223542300905843,0.10836331719030617,-0.1777307136654816,-0.08339484914716762,0.5703145534464785
-1.6609608103683413,-0.07410355607873878,0.3344784147476112,0.7637618658991006,-0.5306589993977903,0.04264625035780568,-0.14871941392277976,0.007290919647694648,2.0357490813510943,0.9323104757521545,2.1532322156302124,-1.0184998918413866
1.8177294076549757,0.4892063194059656,-0.0838151001065543,0.8857951476613303,1.6031405195587216,0.911800385627046,0.4466485690168797,1.268423499536365,0.05159908955766995,0.1594316010046273,0.0762773559216811,-0.2739009833094457
-2.0769477942041648,1.7081542968875394,-0.2701703241324398,0.74960739896843,1.2065929151105805,0.0070252605024418435,0.1539972586500652,-0.08302692990258792,-0.4701518371829909,0.7806818504140723,0.5475014900253945,0.22629689689496116
0.2257476771324383,-2.0982186980404762,-0.4289856874895859,-1.1056477272775735,-0.33097295809882654,0.3245544770144207,0.8445590904952225,1.0470140949084306,-1.2660943727697813,-0.011489407211486226,0.171176424088745,-1.2088795859287518
0.4154029962872711,-0.5265221527495335,-0.5221019204374844,0.22296639466246762,-0.15315533007327517,2.3517090723027168,-0.4459677474310319,0.7588623537055392,-0.3782710514875874,-0.2511440803299292,0.8347809108298603,-1.7695870748001856
-0.5111080180428277,0.3572822302632848,0.19358560126879712,-0.9382538435758463,0.48061469143470587,0.9777316168321971,-0.43244264226802137,0.21336343139791714,-0.12328754400208385,0.35258108495229,-0.17203119490887622,-0.7092687587309106
1.4492603501783812,-1.0631173213563767,0.7736491218076745,-1.1518796417501667,-1.5318076675956005,-0.9382051471812218,1.194628806245364,1.3216415493201275,0.7399205869925461,0.6144110006362925,0.13095977639349626,-0.19765689351610216
-0.20434436685200988,0.756720381472947,-0.729375764262343,-0.9336908456829169,-1.5010915797689732,-1.7760216941254552,-1.1457771090318634,0.23378321814733813,0.036351883070255664,0.7674748431683189,-2.0899299484442504,-1.2393963091611118
0.20457274611848267,0.9533231318645223,1.0348726885085837,0.7302429435192268,-0.06532085323405143,-0.09781064705434189,-2.3703519134976956,-1.6026011352510838,-0.1601390773855076,0.09110618843309141,-1.0335463433095073,-0.12188318276299635
-0.2485810397618043,1.056727173425545,0.4224124242252213,-1.1408863208901188,-0.7457841387118377,1.112758551737343,0.4906883064143656,-0.40378933018103313,-0.4171965726881159,-2.0613973132073626,0.2244941173115971,0.2543664306460316
1.258813669923435,-0.7895515556909825,-1.4588069119662714,1.038562809702551,0.007221219631271005,0.1009757235222582,-0.13296840652671374,-0.15740383502048808,-1.0653470889869303,1.4616188506361094,0.3955648030985942,0.985311841622948
0.054416595487667946,-1.0766963342512699,0.6985859624267098,1.935330446553075,-0.552125844672952,1.267900342139494,-0.7169921333556688,-0.38804956201903046,0.134303301581596,-1.2957319597118937,-0.26003428175796517,0.1548578380253658
-0.3206268015292235,-1.0448465972002008,-0.9921394074975837,-0.1773445549957685,1.0653498141057842,-1.5452826587329989,0.37535921626501795,-0.060222265330227176,-0.6280335911509449,-2.1342212998656334,1.2772498349432615,-0.9477980543904807
0.6956245146162595,1.6398010063803417,1.0651943997667723,-0.7013900170588248,1.2454757760587973,-0.6222397979794083,0.14738267528706075,0.7992012331077789,-0.530801491190375,0.8502781695497854,0.9505165102380226,-0.19609062704991043
-1.205978894409222,0.38159781245995295,-1.2567257330486943,-0.4394978865935353,0.4760358584078038,0.33866099541770167,0.7259685901704092,0.3480548226915185,1.8094641509850282,-0.44543952979039647,-1.2340610518785364,-2.7793566022300946
0.9721446520359268,1.1538887918957916,1.297089478945731,-0.5211796799591423,-0.17868937349987513,-0.2356263006997129,-1.8380656133846542,-0.3053043804777732,1.5992094414740177,-0.15844996767434608,-0.9223645317006856,0.5843084631668309
1.9293254719864188,-0.11693429867293526,-0.8990421773345249,-0.8855086482067621,-1.2783953583860228,0.37201900352064693,0.2456520474519836,-1.0224498467359422,-0.5645570918902927,0.13830181633744518,-1.2523156844408718,-0.42643296092838545
-1.5370336705721703,-1.73642242878524,0.14410408076883505,-0.5180337638339426,0.6126114169080481,-1.926944274741924,1.0435070654801717,-0.7801553883575072,1.6879620415039833,0.09753579994625981,1.4047216123294755,0.4288993630257692
0.3265065122518085,0.4963045291399022,1.140004953426673,-1.2811897275411654,-0.44169100943980627,1.0691771172732767,0.32241203931778345,-0.0719888667758181,1.6358056220490018,0.7132323231395956,-0.7568082323082745,-0.7272789212921241
-0.26646823341206705,0.7151664195620209,-1.6913673449925193,-0.7306986558090521,-0.7893278694359942,-1.9165631050628806,0.9931664423742255,1.0296527746890072,0.29380366668562086,-1.1630098059232064,0.3806490265743238,0.7988114059166598
-0.13859695272485548,-0.3585081266948713,-1.8545742250634134,1.0411053458191148,-0.6262434783466392,1.3016808338689219,0.00838259745179959,-0.5538366395657964,-1.486886078300921,0.4489265560447002,0.08287220239811012,-1.488383686981109
-0.011440029088699516,-0.33209511852597157,-1.2121850908075011,2.0232944425576465,0.8386419785988548,1.508708022715075,0.8597086969562739,-1.2312733524690505,1.4638237051990681,-0.6556700114383138,0.37186368237976214,0.19630531638202145
